{
  "episode_costs": [
    95134.97108487986,
    86063.18294290603,
    119446.55803293244,
    75267.74156524135,
    70313.16749878471,
    80417.86213917639,
    76702.43663968629,
    96131.29163020762,
    89962.69142867714,
    78719.94370457546,
    106822.16397130808,
    97166.65293484562,
    102565.60772071543,
    93836.10791787936,
    68284.82647817982,
    76801.81089103468,
    91059.58102838368,
    91729.56636626633,
    69126.43298799347,
    76141.50040417892,
    73320.78231513537,
    96685.87046803659,
    85370.67212430191,
    72723.55805626995,
    82644.453869705,
    90589.25132146354,
    68037.80707823214,
    82259.96090309777,
    89513.30066540561,
    92772.37311596166,
    77849.30683497062,
    75767.7562106037,
    79447.32103374254,
    102565.21906060132,
    100042.27950929829,
    84612.3647821487,
    92053.09467176392,
    69803.45954417746,
    73663.22542240903,
    63027.93150819116,
    84142.71356490158,
    83565.82971798358,
    101488.34874325452,
    81712.4354888909,
    89154.38003844861,
    92583.01483441342,
    101791.6247541902,
    71274.85993191689,
    107059.67471073825,
    99144.06446644462
  ],
  "episode_rewards": [
    -95.13497108487984,
    -86.06318294290602,
    -119.44655803293244,
    -75.26774156524137,
    -70.31316749878471,
    -80.41786213917639,
    -76.70243663968628,
    -96.1312916302076,
    -89.96269142867713,
    -78.71994370457547,
    -106.82216397130807,
    -97.16665293484562,
    -102.56560772071542,
    -93.83610791787939,
    -68.28482647817982,
    -76.80181089103468,
    -91.05958102838362,
    -91.72956636626634,
    -69.1264329879935,
    -76.1415004041789,
    -73.32078231513533,
    -96.68587046803653,
    -85.37067212430193,
    -72.72355805626994,
    -82.64445386970502,
    -90.58925132146352,
    -68.03780707823215,
    -82.25996090309778,
    -89.51330066540567,
    -92.77237311596166,
    -77.84930683497062,
    -75.7677562106037,
    -79.44732103374261,
    -102.5652190606013,
    -100.04227950929831,
    -84.61236478214873,
    -92.05309467176393,
    -69.80345954417746,
    -73.66322542240901,
    -63.02793150819116,
    -84.14271356490157,
    -83.56582971798358,
    -101.48834874325452,
    -81.7124354888909,
    -89.15438003844864,
    -92.58301483441339,
    -101.79162475419012,
    -71.27485993191691,
    -107.0596747107382,
    -99.14406446644458
  ],
  "episodes_count": 50,
  "final_cost": 99144.06446644462,
  "initial_cost": 95134.97108487986,
  "best_cost": 63027.93150819116,
  "worst_cost": 119446.55803293244,
  "cost_improvement": -4.214111105355597
}