{
  "episode_costs": [
    74982.89961115002,
    89021.97762047232,
    96707.33802631359,
    105646.69392140374,
    92374.52716098132,
    90229.64824481613,
    98433.5350036235,
    89884.12957863742,
    77940.6199126823,
    77911.82845383004,
    90150.7412994971,
    96726.38940382782,
    87713.50422979434,
    74476.49224949587,
    86378.46085709688,
    78931.61636889073,
    96551.54719092743,
    66909.70738613233,
    108425.76895349081,
    86207.53931691255,
    74418.57965021065,
    78544.9235165098,
    70158.83388452025,
    90282.29561869151,
    82964.68552075044,
    62094.88543977674,
    92221.32809388115,
    73306.49156585176,
    77841.66050259676,
    92299.92804110514,
    100687.53214891315,
    82320.43315204159,
    79692.54791856401,
    83916.25043864925,
    77463.03140243735,
    91698.66083253149,
    111504.30820558328,
    99278.11670257371,
    92715.35458324764,
    119495.870721541,
    88232.07645905748,
    81288.2179772103,
    62327.133184493985,
    88997.66278437887,
    86796.06080052505,
    83545.36087396178,
    93295.81086157743,
    92767.74921474863,
    96353.2259646162,
    72030.49242205192
  ],
  "episode_rewards": [
    -74.98289961115002,
    -89.02197762047228,
    -96.70733802631358,
    -105.64669392140377,
    -92.37452716098133,
    -90.22964824481615,
    -98.43353500362355,
    -89.8841295786374,
    -77.94061991268237,
    -77.91182845383004,
    -90.1507412994971,
    -96.72638940382784,
    -87.71350422979437,
    -74.47649224949588,
    -86.37846085709684,
    -78.93161636889076,
    -96.55154719092744,
    -66.90970738613235,
    -108.42576895349082,
    -86.20753931691257,
    -74.41857965021063,
    -78.54492351650981,
    -70.15883388452023,
    -90.28229561869152,
    -82.96468552075045,
    -62.094885439776746,
    -92.22132809388111,
    -73.30649156585179,
    -77.84166050259677,
    -92.29992804110515,
    -100.6875321489132,
    -82.32043315204153,
    -79.69254791856407,
    -83.91625043864929,
    -77.46303140243737,
    -91.69866083253146,
    -111.50430820558333,
    -99.27811670257367,
    -92.71535458324763,
    -119.49587072154098,
    -88.23207645905745,
    -81.28821797721031,
    -62.327133184493974,
    -88.99766278437883,
    -86.79606080052505,
    -83.54536087396177,
    -93.29581086157744,
    -92.76774921474862,
    -96.3532259646162,
    -72.03049242205194
  ],
  "episodes_count": 50,
  "final_cost": 72030.49242205192,
  "initial_cost": 74982.89961115002,
  "best_cost": 62094.88543977674,
  "worst_cost": 119495.870721541,
  "cost_improvement": 3.937440675685839
}